path,theta
C:\Users\Mike\Documents\imgAnalysis\ece2372_ultrasound\US_version6\train\images\img_00004.jpg,173.1856609
C:\Users\Mike\Documents\imgAnalysis\ece2372_ultrasound\US_version6\train\images\img_00005.jpg,173.1426891
C:\Users\Mike\Documents\imgAnalysis\ece2372_ultrasound\US_version6\train\images\img_00006.jpg,172.9604885
C:\Users\Mike\Documents\imgAnalysis\ece2372_ultrasound\US_version6\train\images\img_00007.jpg,173.9024311
C:\Users\Mike\Documents\imgAnalysis\ece2372_ultrasound\US_version6\train\images\img_00008.jpg,173.4669832
C:\Users\Mike\Documents\imgAnalysis\ece2372_ultrasound\US_version6\train\images\img_00009.jpg,173.7179387
C:\Users\Mike\Documents\imgAnalysis\ece2372_ultrasound\US_version6\train\images\img_00010.jpg,173.4538052
C:\Users\Mike\Documents\imgAnalysis\ece2372_ultrasound\US_version6\train\images\img_00012.jpg,172.5565532
C:\Users\Mike\Documents\imgAnalysis\ece2372_ultrasound\US_version6\train\images\img_00013.jpg,171.3160996
C:\Users\Mike\Documents\imgAnalysis\ece2372_ultrasound\US_version6\train\images\img_00015.jpg,165.0571087
C:\Users\Mike\Documents\imgAnalysis\ece2372_ultrasound\US_version6\train\images\img_00016.jpg,161.6462909
C:\Users\Mike\Documents\imgAnalysis\ece2372_ultrasound\US_version6\train\images\img_00018.jpg,154.0070446
C:\Users\Mike\Documents\imgAnalysis\ece2372_ultrasound\US_version6\train\images\img_00021.jpg,141.5910492
C:\Users\Mike\Documents\imgAnalysis\ece2372_ultrasound\US_version6\train\images\img_00023.jpg,131.6771605
C:\Users\Mike\Documents\imgAnalysis\ece2372_ultrasound\US_version6\train\images\img_00024.jpg,127.6057224
C:\Users\Mike\Documents\imgAnalysis\ece2372_ultrasound\US_version6\train\images\img_00025.jpg,122.2118977
C:\Users\Mike\Documents\imgAnalysis\ece2372_ultrasound\US_version6\train\images\img_00026.jpg,117.7433999
C:\Users\Mike\Documents\imgAnalysis\ece2372_ultrasound\US_version6\train\images\img_00027.jpg,114.2569517
C:\Users\Mike\Documents\imgAnalysis\ece2372_ultrasound\US_version6\train\images\img_00028.jpg,108.8379168
C:\Users\Mike\Documents\imgAnalysis\ece2372_ultrasound\US_version6\train\images\img_00029.jpg,105.4190777
C:\Users\Mike\Documents\imgAnalysis\ece2372_ultrasound\US_version6\train\images\img_00030.jpg,101.3207106
C:\Users\Mike\Documents\imgAnalysis\ece2372_ultrasound\US_version6\train\images\img_00031.jpg,98.30236891
C:\Users\Mike\Documents\imgAnalysis\ece2372_ultrasound\US_version6\train\images\img_00032.jpg,97.29281728
C:\Users\Mike\Documents\imgAnalysis\ece2372_ultrasound\US_version6\train\images\img_00033.jpg,96.78059301
C:\Users\Mike\Documents\imgAnalysis\ece2372_ultrasound\US_version6\train\images\img_00034.jpg,95.50289712
C:\Users\Mike\Documents\imgAnalysis\ece2372_ultrasound\US_version6\train\images\img_00035.jpg,95.97730618
C:\Users\Mike\Documents\imgAnalysis\ece2372_ultrasound\US_version6\train\images\img_00036.jpg,95.8833411
C:\Users\Mike\Documents\imgAnalysis\ece2372_ultrasound\US_version6\train\images\img_00037.jpg,97.25729389
C:\Users\Mike\Documents\imgAnalysis\ece2372_ultrasound\US_version6\train\images\img_00038.jpg,100.9792277
C:\Users\Mike\Documents\imgAnalysis\ece2372_ultrasound\US_version6\train\images\img_00039.jpg,104.6484494
C:\Users\Mike\Documents\imgAnalysis\ece2372_ultrasound\US_version6\train\images\img_00040.jpg,110.6375773
C:\Users\Mike\Documents\imgAnalysis\ece2372_ultrasound\US_version6\train\images\img_00041.jpg,115.1043563
C:\Users\Mike\Documents\imgAnalysis\ece2372_ultrasound\US_version6\train\images\img_00042.jpg,121.8497884
C:\Users\Mike\Documents\imgAnalysis\ece2372_ultrasound\US_version6\train\images\img_00043.jpg,128.0755478
C:\Users\Mike\Documents\imgAnalysis\ece2372_ultrasound\US_version6\train\images\img_00045.jpg,135.8259479
C:\Users\Mike\Documents\imgAnalysis\ece2372_ultrasound\US_version6\train\images\img_00046.jpg,139.7627409
C:\Users\Mike\Documents\imgAnalysis\ece2372_ultrasound\US_version6\train\images\img_00048.jpg,151.5513475
C:\Users\Mike\Documents\imgAnalysis\ece2372_ultrasound\US_version6\train\images\img_00049.jpg,155.590127
C:\Users\Mike\Documents\imgAnalysis\ece2372_ultrasound\US_version6\train\images\img_00050.jpg,160.9432717
C:\Users\Mike\Documents\imgAnalysis\ece2372_ultrasound\US_version6\train\images\img_00051.jpg,163.3027119
C:\Users\Mike\Documents\imgAnalysis\ece2372_ultrasound\US_version6\train\images\img_00052.jpg,166.9616204
C:\Users\Mike\Documents\imgAnalysis\ece2372_ultrasound\US_version6\train\images\img_00053.jpg,171.06629
C:\Users\Mike\Documents\imgAnalysis\ece2372_ultrasound\US_version6\train\images\img_00054.jpg,174.5653433
C:\Users\Mike\Documents\imgAnalysis\ece2372_ultrasound\US_version6\train\images\img_00055.jpg,176.768939
C:\Users\Mike\Documents\imgAnalysis\ece2372_ultrasound\US_version6\train\images\img_00056.jpg,178.6866287
C:\Users\Mike\Documents\imgAnalysis\ece2372_ultrasound\US_version6\train\images\img_00057.jpg,179.2223442
C:\Users\Mike\Documents\imgAnalysis\ece2372_ultrasound\US_version6\train\images\img_00058.jpg,178.2173763
C:\Users\Mike\Documents\imgAnalysis\ece2372_ultrasound\US_version6\train\images\img_00059.jpg,177.9836095
C:\Users\Mike\Documents\imgAnalysis\ece2372_ultrasound\US_version6\train\images\img_00060.jpg,178.0294461
C:\Users\Mike\Documents\imgAnalysis\ece2372_ultrasound\US_version6\train\images\img_00061.jpg,177.96241
C:\Users\Mike\Documents\imgAnalysis\ece2372_ultrasound\US_version6\train\images\img_00062.jpg,178.1096602
C:\Users\Mike\Documents\imgAnalysis\ece2372_ultrasound\US_version6\train\images\img_00063.jpg,177.664472
C:\Users\Mike\Documents\imgAnalysis\ece2372_ultrasound\US_version6\train\images\img_00064.jpg,178.5451081
C:\Users\Mike\Documents\imgAnalysis\ece2372_ultrasound\US_version6\train\images\img_00067.jpg,174.8861996
C:\Users\Mike\Documents\imgAnalysis\ece2372_ultrasound\US_version6\train\images\img_00068.jpg,170.8617441
C:\Users\Mike\Documents\imgAnalysis\ece2372_ultrasound\US_version6\train\images\img_00069.jpg,167.2469534
C:\Users\Mike\Documents\imgAnalysis\ece2372_ultrasound\US_version6\train\images\img_00070.jpg,162.9457592
C:\Users\Mike\Documents\imgAnalysis\ece2372_ultrasound\US_version6\train\images\img_00071.jpg,159.2203876
C:\Users\Mike\Documents\imgAnalysis\ece2372_ultrasound\US_version6\train\images\img_00072.jpg,155.1495225
C:\Users\Mike\Documents\imgAnalysis\ece2372_ultrasound\US_version6\train\images\img_00073.jpg,150.98813
C:\Users\Mike\Documents\imgAnalysis\ece2372_ultrasound\US_version6\train\images\img_00074.jpg,146.4715037
C:\Users\Mike\Documents\imgAnalysis\ece2372_ultrasound\US_version6\train\images\img_00075.jpg,141.5096892
C:\Users\Mike\Documents\imgAnalysis\ece2372_ultrasound\US_version6\train\images\img_00076.jpg,137.413041
C:\Users\Mike\Documents\imgAnalysis\ece2372_ultrasound\US_version6\train\images\img_00077.jpg,132.7818231
C:\Users\Mike\Documents\imgAnalysis\ece2372_ultrasound\US_version6\train\images\img_00078.jpg,128.0297112
C:\Users\Mike\Documents\imgAnalysis\ece2372_ultrasound\US_version6\train\images\img_00079.jpg,122.9905473
C:\Users\Mike\Documents\imgAnalysis\ece2372_ultrasound\US_version6\train\images\img_00080.jpg,119.261738
C:\Users\Mike\Documents\imgAnalysis\ece2372_ultrasound\US_version6\train\images\img_00081.jpg,117.5222381
C:\Users\Mike\Documents\imgAnalysis\ece2372_ultrasound\US_version6\train\images\img_00082.jpg,114.3279984
C:\Users\Mike\Documents\imgAnalysis\ece2372_ultrasound\US_version6\train\images\img_00083.jpg,111.4987328
C:\Users\Mike\Documents\imgAnalysis\ece2372_ultrasound\US_version6\train\images\img_00084.jpg,109.0103771
C:\Users\Mike\Documents\imgAnalysis\ece2372_ultrasound\US_version6\train\images\img_00085.jpg,106.1312642
C:\Users\Mike\Documents\imgAnalysis\ece2372_ultrasound\US_version6\train\images\img_00086.jpg,102.753678
C:\Users\Mike\Documents\imgAnalysis\ece2372_ultrasound\US_version6\train\images\img_00087.jpg,101.8289241
C:\Users\Mike\Documents\imgAnalysis\ece2372_ultrasound\US_version6\train\images\img_00088.jpg,100.1833894
C:\Users\Mike\Documents\imgAnalysis\ece2372_ultrasound\US_version6\train\images\img_00089.jpg,100.4996621
C:\Users\Mike\Documents\imgAnalysis\ece2372_ultrasound\US_version6\train\images\img_00090.jpg,100.5529471
C:\Users\Mike\Documents\imgAnalysis\ece2372_ultrasound\US_version6\train\images\img_00091.jpg,101.4736903
C:\Users\Mike\Documents\imgAnalysis\ece2372_ultrasound\US_version6\train\images\img_00092.jpg,102.5130357
C:\Users\Mike\Documents\imgAnalysis\ece2372_ultrasound\US_version6\train\images\img_00093.jpg,104.0250714
C:\Users\Mike\Documents\imgAnalysis\ece2372_ultrasound\US_version6\train\images\img_00094.jpg,106.0819899
C:\Users\Mike\Documents\imgAnalysis\ece2372_ultrasound\US_version6\train\images\img_00095.jpg,109.3415467
C:\Users\Mike\Documents\imgAnalysis\ece2372_ultrasound\US_version6\train\images\img_00096.jpg,111.2483503
C:\Users\Mike\Documents\imgAnalysis\ece2372_ultrasound\US_version6\train\images\img_00097.jpg,114.1675703
C:\Users\Mike\Documents\imgAnalysis\ece2372_ultrasound\US_version6\train\images\img_00098.jpg,120.3217099
C:\Users\Mike\Documents\imgAnalysis\ece2372_ultrasound\US_version6\train\images\img_00099.jpg,122.1586126
C:\Users\Mike\Documents\imgAnalysis\ece2372_ultrasound\US_version6\train\images\img_00100.jpg,125.7292856
C:\Users\Mike\Documents\imgAnalysis\ece2372_ultrasound\US_version6\train\images\img_00101.jpg,128.6616836
C:\Users\Mike\Documents\imgAnalysis\ece2372_ultrasound\US_version6\train\images\img_00102.jpg,132.9749099
C:\Users\Mike\Documents\imgAnalysis\ece2372_ultrasound\US_version6\train\images\img_00103.jpg,137.0979142
C:\Users\Mike\Documents\imgAnalysis\ece2372_ultrasound\US_version6\train\images\img_00104.jpg,143.3706561
C:\Users\Mike\Documents\imgAnalysis\ece2372_ultrasound\US_version6\train\images\img_00105.jpg,148.2213168
C:\Users\Mike\Documents\imgAnalysis\ece2372_ultrasound\US_version6\train\images\img_00106.jpg,150.1905728
C:\Users\Mike\Documents\imgAnalysis\ece2372_ultrasound\US_version6\train\images\img_00107.jpg,153.2094874
C:\Users\Mike\Documents\imgAnalysis\ece2372_ultrasound\US_version6\train\images\img_00108.jpg,155.0704543
C:\Users\Mike\Documents\imgAnalysis\ece2372_ultrasound\US_version6\train\images\img_00109.jpg,157.1898252
C:\Users\Mike\Documents\imgAnalysis\ece2372_ultrasound\US_version6\train\images\img_00110.jpg,160.35599
C:\Users\Mike\Documents\imgAnalysis\ece2372_ultrasound\US_version6\train\images\img_00111.jpg,163.898015
C:\Users\Mike\Documents\imgAnalysis\ece2372_ultrasound\US_version6\train\images\img_00112.jpg,166.0907245
C:\Users\Mike\Documents\imgAnalysis\ece2372_ultrasound\US_version6\train\images\img_00113.jpg,168.2788503
C:\Users\Mike\Documents\imgAnalysis\ece2372_ultrasound\US_version6\train\images\img_00114.jpg,170.4807272
C:\Users\Mike\Documents\imgAnalysis\ece2372_ultrasound\US_version6\train\images\img_00115.jpg,171.9429154
C:\Users\Mike\Documents\imgAnalysis\ece2372_ultrasound\US_version6\train\images\img_00116.jpg,173.8416976
C:\Users\Mike\Documents\imgAnalysis\ece2372_ultrasound\US_version6\train\images\img_00117.jpg,173.3363488
C:\Users\Mike\Documents\imgAnalysis\ece2372_ultrasound\US_version6\train\images\img_00118.jpg,173.8777939
C:\Users\Mike\Documents\imgAnalysis\ece2372_ultrasound\US_version6\train\images\img_00119.jpg,174.6117529
C:\Users\Mike\Documents\imgAnalysis\ece2372_ultrasound\US_version6\train\images\img_00120.jpg,174.7114475
C:\Users\Mike\Documents\imgAnalysis\ece2372_ultrasound\US_version6\train\images\img_00121.jpg,174.7779106
C:\Users\Mike\Documents\imgAnalysis\ece2372_ultrasound\US_version6\train\images\img_00122.jpg,173.7723697
C:\Users\Mike\Documents\imgAnalysis\ece2372_ultrasound\US_version6\train\images\img_00123.jpg,172.3474236
C:\Users\Mike\Documents\imgAnalysis\ece2372_ultrasound\US_version6\train\images\img_00124.jpg,171.06629
C:\Users\Mike\Documents\imgAnalysis\ece2372_ultrasound\US_version6\train\images\img_00125.jpg,169.9324065
C:\Users\Mike\Documents\imgAnalysis\ece2372_ultrasound\US_version6\train\images\img_00126.jpg,167.1936683
C:\Users\Mike\Documents\imgAnalysis\ece2372_ultrasound\US_version6\train\images\img_00127.jpg,163.0225355
C:\Users\Mike\Documents\imgAnalysis\ece2372_ultrasound\US_version6\train\images\img_00128.jpg,159.7371955
C:\Users\Mike\Documents\imgAnalysis\ece2372_ultrasound\US_version6\train\images\img_00129.jpg,154.7507438
C:\Users\Mike\Documents\imgAnalysis\ece2372_ultrasound\US_version6\train\images\img_00130.jpg,151.1835086
C:\Users\Mike\Documents\imgAnalysis\ece2372_ultrasound\US_version6\train\images\img_00131.jpg,147.7056548
C:\Users\Mike\Documents\imgAnalysis\ece2372_ultrasound\US_version6\train\images\img_00132.jpg,142.9741693
C:\Users\Mike\Documents\imgAnalysis\ece2372_ultrasound\US_version6\train\images\img_00133.jpg,139.0241983
C:\Users\Mike\Documents\imgAnalysis\ece2372_ultrasound\US_version6\train\images\img_00134.jpg,134.9241123
C:\Users\Mike\Documents\imgAnalysis\ece2372_ultrasound\US_version6\train\images\img_00135.jpg,131.778001
C:\Users\Mike\Documents\imgAnalysis\ece2372_ultrasound\US_version6\train\images\img_00136.jpg,127.7105737
C:\Users\Mike\Documents\imgAnalysis\ece2372_ultrasound\US_version6\train\images\img_00137.jpg,124.1668297
C:\Users\Mike\Documents\imgAnalysis\ece2372_ultrasound\US_version6\train\images\img_00138.jpg,121.7426453
C:\Users\Mike\Documents\imgAnalysis\ece2372_ultrasound\US_version6\train\images\img_00139.jpg,118.013263
C:\Users\Mike\Documents\imgAnalysis\ece2372_ultrasound\US_version6\train\images\img_00140.jpg,116.2496989
C:\Users\Mike\Documents\imgAnalysis\ece2372_ultrasound\US_version6\train\images\img_00141.jpg,112.7248625
C:\Users\Mike\Documents\imgAnalysis\ece2372_ultrasound\US_version6\train\images\img_00142.jpg,109.1902859
C:\Users\Mike\Documents\imgAnalysis\ece2372_ultrasound\US_version6\train\images\img_00143.jpg,106.9185082
C:\Users\Mike\Documents\imgAnalysis\ece2372_ultrasound\US_version6\train\images\img_00144.jpg,104.0078826
C:\Users\Mike\Documents\imgAnalysis\ece2372_ultrasound\US_version6\train\images\img_00145.jpg,101.1201753
C:\Users\Mike\Documents\imgAnalysis\ece2372_ultrasound\US_version6\train\images\img_00146.jpg,96.74220483
C:\Users\Mike\Documents\imgAnalysis\ece2372_ultrasound\US_version6\train\images\img_00147.jpg,94.26015167
C:\Users\Mike\Documents\imgAnalysis\ece2372_ultrasound\US_version6\train\images\img_00148.jpg,92.86442648
C:\Users\Mike\Documents\imgAnalysis\ece2372_ultrasound\US_version6\train\images\img_00149.jpg,92.54872673
C:\Users\Mike\Documents\imgAnalysis\ece2372_ultrasound\US_version6\train\images\img_00150.jpg,92.8627076
C:\Users\Mike\Documents\imgAnalysis\ece2372_ultrasound\US_version6\train\images\img_00151.jpg,93.14173805
C:\Users\Mike\Documents\imgAnalysis\ece2372_ultrasound\US_version6\train\images\img_00152.jpg,93.34628398
C:\Users\Mike\Documents\imgAnalysis\ece2372_ultrasound\US_version6\train\images\img_00153.jpg,95.49945938
C:\Users\Mike\Documents\imgAnalysis\ece2372_ultrasound\US_version6\train\images\img_00154.jpg,100.1633358
C:\Users\Mike\Documents\imgAnalysis\ece2372_ultrasound\US_version6\train\images\img_00155.jpg,103.9431384
C:\Users\Mike\Documents\imgAnalysis\ece2372_ultrasound\US_version6\train\images\img_00156.jpg,109.4114476
C:\Users\Mike\Documents\imgAnalysis\ece2372_ultrasound\US_version6\train\images\img_00157.jpg,112.5672991
C:\Users\Mike\Documents\imgAnalysis\ece2372_ultrasound\US_version6\train\images\img_00158.jpg,116.4960707
C:\Users\Mike\Documents\imgAnalysis\ece2372_ultrasound\US_version6\train\images\img_00159.jpg,124.7283283
C:\Users\Mike\Documents\imgAnalysis\ece2372_ultrasound\US_version6\train\images\img_00160.jpg,131.426205
C:\Users\Mike\Documents\imgAnalysis\ece2372_ultrasound\US_version6\train\images\img_00161.jpg,133.8607026
C:\Users\Mike\Documents\imgAnalysis\ece2372_ultrasound\US_version6\train\images\img_00162.jpg,139.4814186
C:\Users\Mike\Documents\imgAnalysis\ece2372_ultrasound\US_version6\train\images\img_00163.jpg,144.7554951
C:\Users\Mike\Documents\imgAnalysis\ece2372_ultrasound\US_version6\train\images\img_00164.jpg,153.7830181
C:\Users\Mike\Documents\imgAnalysis\ece2372_ultrasound\US_version6\train\images\img_00165.jpg,158.6359707
C:\Users\Mike\Documents\imgAnalysis\ece2372_ultrasound\US_version6\train\images\img_00166.jpg,160.8412852
C:\Users\Mike\Documents\imgAnalysis\ece2372_ultrasound\US_version6\train\images\img_00167.jpg,163.0769665
C:\Users\Mike\Documents\imgAnalysis\ece2372_ultrasound\US_version6\train\images\img_00168.jpg,165.1258636
C:\Users\Mike\Documents\imgAnalysis\ece2372_ultrasound\US_version6\train\images\img_00169.jpg,167.0521477
C:\Users\Mike\Documents\imgAnalysis\ece2372_ultrasound\US_version6\train\images\img_00170.jpg,169.627593
C:\Users\Mike\Documents\imgAnalysis\ece2372_ultrasound\US_version6\train\images\img_00171.jpg,173.2125899
C:\Users\Mike\Documents\imgAnalysis\ece2372_ultrasound\US_version6\train\images\img_00172.jpg,175.4688977
C:\Users\Mike\Documents\imgAnalysis\ece2372_ultrasound\US_version6\train\images\img_00173.jpg,178.4310895
C:\Users\Mike\Documents\imgAnalysis\ece2372_ultrasound\US_version6\train\images\img_00174.jpg,179.6004964
C:\Users\Mike\Documents\imgAnalysis\ece2372_ultrasound\US_version6\train\images\img_00175.jpg,179.1237955
C:\Users\Mike\Documents\imgAnalysis\ece2372_ultrasound\US_version6\train\images\img_00176.jpg,178.6929312
C:\Users\Mike\Documents\imgAnalysis\ece2372_ultrasound\US_version6\train\images\img_00177.jpg,179.0985853
C:\Users\Mike\Documents\imgAnalysis\ece2372_ultrasound\US_version6\train\images\img_00178.jpg,178.4408298
C:\Users\Mike\Documents\imgAnalysis\ece2372_ultrasound\US_version6\train\images\img_00179.jpg,178.574329
C:\Users\Mike\Documents\imgAnalysis\ece2372_ultrasound\US_version6\train\images\img_00180.jpg,178.1749774
C:\Users\Mike\Documents\imgAnalysis\ece2372_ultrasound\US_version6\train\images\img_00181.jpg,177.8713098
C:\Users\Mike\Documents\imgAnalysis\ece2372_ultrasound\US_version6\train\images\img_00182.jpg,178.5135954
C:\Users\Mike\Documents\imgAnalysis\ece2372_ultrasound\US_version6\train\images\img_00183.jpg,177.8025548
C:\Users\Mike\Documents\imgAnalysis\ece2372_ultrasound\US_version6\train\images\img_00184.jpg,177.5332647
C:\Users\Mike\Documents\imgAnalysis\ece2372_ultrasound\US_version6\train\images\img_00185.jpg,178.3961391
C:\Users\Mike\Documents\imgAnalysis\ece2372_ultrasound\US_version6\train\images\img_00186.jpg,179.6646677
C:\Users\Mike\Documents\imgAnalysis\ece2372_ultrasound\US_version6\train\images\img_00187.jpg,175.3119073
C:\Users\Mike\Documents\imgAnalysis\ece2372_ultrasound\US_version6\train\images\img_00188.jpg,172.070685
C:\Users\Mike\Documents\imgAnalysis\ece2372_ultrasound\US_version6\train\images\img_00189.jpg,168.2633805
C:\Users\Mike\Documents\imgAnalysis\ece2372_ultrasound\US_version6\train\images\img_00190.jpg,164.8376658
C:\Users\Mike\Documents\imgAnalysis\ece2372_ultrasound\US_version6\train\images\img_00191.jpg,162.9514888
C:\Users\Mike\Documents\imgAnalysis\ece2372_ultrasound\US_version6\train\images\img_00192.jpg,159.500564
C:\Users\Mike\Documents\imgAnalysis\ece2372_ultrasound\US_version6\train\images\img_00193.jpg,156.6884871
C:\Users\Mike\Documents\imgAnalysis\ece2372_ultrasound\US_version6\train\images\img_00194.jpg,152.6565831
C:\Users\Mike\Documents\imgAnalysis\ece2372_ultrasound\US_version6\train\images\img_00195.jpg,149.9138341
C:\Users\Mike\Documents\imgAnalysis\ece2372_ultrasound\US_version6\train\images\img_00196.jpg,144.9348309
C:\Users\Mike\Documents\imgAnalysis\ece2372_ultrasound\US_version6\train\images\img_00197.jpg,141.7847089
C:\Users\Mike\Documents\imgAnalysis\ece2372_ultrasound\US_version6\train\images\img_00198.jpg,137.1534911
C:\Users\Mike\Documents\imgAnalysis\ece2372_ultrasound\US_version6\train\images\img_00199.jpg,133.1490891
C:\Users\Mike\Documents\imgAnalysis\ece2372_ultrasound\US_version6\train\images\img_00200.jpg,129.3440763
C:\Users\Mike\Documents\imgAnalysis\ece2372_ultrasound\US_version6\train\images\img_00201.jpg,123.9571271
C:\Users\Mike\Documents\imgAnalysis\ece2372_ultrasound\US_version6\train\images\img_00202.jpg,119.629004
C:\Users\Mike\Documents\imgAnalysis\ece2372_ultrasound\US_version6\train\images\img_00203.jpg,116.7395778
C:\Users\Mike\Documents\imgAnalysis\ece2372_ultrasound\US_version6\train\images\img_00204.jpg,112.120965
C:\Users\Mike\Documents\imgAnalysis\ece2372_ultrasound\US_version6\train\images\img_00205.jpg,109.3128989
C:\Users\Mike\Documents\imgAnalysis\ece2372_ultrasound\US_version6\train\images\img_00206.jpg,106.5306158
C:\Users\Mike\Documents\imgAnalysis\ece2372_ultrasound\US_version6\train\images\img_00207.jpg,103.038438
C:\Users\Mike\Documents\imgAnalysis\ece2372_ultrasound\US_version6\train\images\img_00208.jpg,100.5162778
C:\Users\Mike\Documents\imgAnalysis\ece2372_ultrasound\US_version6\train\images\img_00209.jpg,99.52047718
C:\Users\Mike\Documents\imgAnalysis\ece2372_ultrasound\US_version6\train\images\img_00210.jpg,97.08941726
C:\Users\Mike\Documents\imgAnalysis\ece2372_ultrasound\US_version6\train\images\img_00211.jpg,97.89900662
C:\Users\Mike\Documents\imgAnalysis\ece2372_ultrasound\US_version6\train\images\img_00212.jpg,98.32528722
C:\Users\Mike\Documents\imgAnalysis\ece2372_ultrasound\US_version6\train\images\img_00213.jpg,97.13238909
C:\Users\Mike\Documents\imgAnalysis\ece2372_ultrasound\US_version6\train\images\img_00214.jpg,96.73303751
C:\Users\Mike\Documents\imgAnalysis\ece2372_ultrasound\US_version6\train\images\img_00215.jpg,98.54071935
C:\Users\Mike\Documents\imgAnalysis\ece2372_ultrasound\US_version6\train\images\img_00216.jpg,100.0424417
C:\Users\Mike\Documents\imgAnalysis\ece2372_ultrasound\US_version6\train\images\img_00217.jpg,102.2540588
C:\Users\Mike\Documents\imgAnalysis\ece2372_ultrasound\US_version6\train\images\img_00218.jpg,107.9200385
C:\Users\Mike\Documents\imgAnalysis\ece2372_ultrasound\US_version6\train\images\img_00219.jpg,112.3919741
C:\Users\Mike\Documents\imgAnalysis\ece2372_ultrasound\US_version6\train\images\img_00220.jpg,115.4303692
C:\Users\Mike\Documents\imgAnalysis\ece2372_ultrasound\US_version6\train\images\img_00221.jpg,119.5866051
C:\Users\Mike\Documents\imgAnalysis\ece2372_ultrasound\US_version6\train\images\img_00222.jpg,122.6135411
C:\Users\Mike\Documents\imgAnalysis\ece2372_ultrasound\US_version6\train\images\img_00223.jpg,125.194716
C:\Users\Mike\Documents\imgAnalysis\ece2372_ultrasound\US_version6\train\images\img_00224.jpg,129.9949564
C:\Users\Mike\Documents\imgAnalysis\ece2372_ultrasound\US_version6\train\images\img_00225.jpg,134.2841184
C:\Users\Mike\Documents\imgAnalysis\ece2372_ultrasound\US_version6\train\images\img_00226.jpg,137.7121249
C:\Users\Mike\Documents\imgAnalysis\ece2372_ultrasound\US_version6\train\images\img_00227.jpg,142.7077439
C:\Users\Mike\Documents\imgAnalysis\ece2372_ultrasound\US_version6\train\images\img_00228.jpg,148.9564217
C:\Users\Mike\Documents\imgAnalysis\ece2372_ultrasound\US_version6\train\images\img_00229.jpg,154.177786
C:\Users\Mike\Documents\imgAnalysis\ece2372_ultrasound\US_version6\train\images\img_00230.jpg,159.3046124
C:\Users\Mike\Documents\imgAnalysis\ece2372_ultrasound\US_version6\train\images\img_00231.jpg,162.9360189
C:\Users\Mike\Documents\imgAnalysis\ece2372_ultrasound\US_version6\train\images\img_00232.jpg,164.550614
C:\Users\Mike\Documents\imgAnalysis\ece2372_ultrasound\US_version6\train\images\img_00233.jpg,168.2885906
C:\Users\Mike\Documents\imgAnalysis\ece2372_ultrasound\US_version6\train\images\img_00234.jpg,170.8393987
C:\Users\Mike\Documents\imgAnalysis\ece2372_ultrasound\US_version6\train\images\img_00235.jpg,173.415417
C:\Users\Mike\Documents\imgAnalysis\ece2372_ultrasound\US_version6\train\images\img_00236.jpg,175.2242447
C:\Users\Mike\Documents\imgAnalysis\ece2372_ultrasound\US_version6\train\images\img_00237.jpg,176.4589688
C:\Users\Mike\Documents\imgAnalysis\ece2372_ultrasound\US_version6\train\images\img_00238.jpg,177.039375
C:\Users\Mike\Documents\imgAnalysis\ece2372_ultrasound\US_version6\train\images\img_00239.jpg,178.0821582
C:\Users\Mike\Documents\imgAnalysis\ece2372_ultrasound\US_version6\train\images\img_00240.jpg,177.8856337
C:\Users\Mike\Documents\imgAnalysis\ece2372_ultrasound\US_version6\train\images\img_00241.jpg,177.9371999
C:\Users\Mike\Documents\imgAnalysis\ece2372_ultrasound\US_version6\train\images\img_00242.jpg,177.79969
C:\Users\Mike\Documents\imgAnalysis\ece2372_ultrasound\US_version6\train\images\img_00243.jpg,177.7721881
C:\Users\Mike\Documents\imgAnalysis\ece2372_ultrasound\US_version6\train\images\img_00244.jpg,177.8489644
C:\Users\Mike\Documents\imgAnalysis\ece2372_ultrasound\US_version6\train\images\img_00245.jpg,175.5663005
C:\Users\Mike\Documents\imgAnalysis\ece2372_ultrasound\US_version6\train\images\img_00246.jpg,174.324701
C:\Users\Mike\Documents\imgAnalysis\ece2372_ultrasound\US_version6\train\images\img_00247.jpg,171.6719064
C:\Users\Mike\Documents\imgAnalysis\ece2372_ultrasound\US_version6\train\images\img_00248.jpg,168.3149467
C:\Users\Mike\Documents\imgAnalysis\ece2372_ultrasound\US_version6\train\images\img_00249.jpg,163.0036279
C:\Users\Mike\Documents\imgAnalysis\ece2372_ultrasound\US_version6\train\images\img_00250.jpg,157.7570534
C:\Users\Mike\Documents\imgAnalysis\ece2372_ultrasound\US_version6\train\images\img_00251.jpg,152.4079194
C:\Users\Mike\Documents\imgAnalysis\ece2372_ultrasound\US_version6\train\images\img_00252.jpg,148.1737613
C:\Users\Mike\Documents\imgAnalysis\ece2372_ultrasound\US_version6\train\images\img_00253.jpg,143.2153846
C:\Users\Mike\Documents\imgAnalysis\ece2372_ultrasound\US_version6\train\images\img_00254.jpg,138.4970771
C:\Users\Mike\Documents\imgAnalysis\ece2372_ultrasound\US_version6\train\images\img_00255.jpg,135.2587197
C:\Users\Mike\Documents\imgAnalysis\ece2372_ultrasound\US_version6\train\images\img_00256.jpg,131.3671903
C:\Users\Mike\Documents\imgAnalysis\ece2372_ultrasound\US_version6\train\images\img_00257.jpg,127.5094655
C:\Users\Mike\Documents\imgAnalysis\ece2372_ultrasound\US_version6\train\images\img_00258.jpg,123.1710291
C:\Users\Mike\Documents\imgAnalysis\ece2372_ultrasound\US_version6\train\images\img_00259.jpg,119.3115853
C:\Users\Mike\Documents\imgAnalysis\ece2372_ultrasound\US_version6\train\images\img_00260.jpg,115.8858707
C:\Users\Mike\Documents\imgAnalysis\ece2372_ultrasound\US_version6\train\images\img_00261.jpg,112.8921662
C:\Users\Mike\Documents\imgAnalysis\ece2372_ultrasound\US_version6\train\images\img_00262.jpg,109.7609519
C:\Users\Mike\Documents\imgAnalysis\ece2372_ultrasound\US_version6\train\images\img_00263.jpg,106.3014327
C:\Users\Mike\Documents\imgAnalysis\ece2372_ultrasound\US_version6\train\images\img_00264.jpg,103.4532595
C:\Users\Mike\Documents\imgAnalysis\ece2372_ultrasound\US_version6\train\images\img_00265.jpg,99.76684903
C:\Users\Mike\Documents\imgAnalysis\ece2372_ultrasound\US_version6\train\images\img_00266.jpg,97.41543024
C:\Users\Mike\Documents\imgAnalysis\ece2372_ultrasound\US_version6\train\images\img_00267.jpg,95.55904699
C:\Users\Mike\Documents\imgAnalysis\ece2372_ultrasound\US_version6\train\images\img_00268.jpg,95.9566797
C:\Users\Mike\Documents\imgAnalysis\ece2372_ultrasound\US_version6\train\images\img_00269.jpg,95.56420361
C:\Users\Mike\Documents\imgAnalysis\ece2372_ultrasound\US_version6\train\images\img_00270.jpg,95.82203462
C:\Users\Mike\Documents\imgAnalysis\ece2372_ultrasound\US_version6\train\images\img_00271.jpg,94.9534306
C:\Users\Mike\Documents\imgAnalysis\ece2372_ultrasound\US_version6\train\images\img_00272.jpg,95.14709033
C:\Users\Mike\Documents\imgAnalysis\ece2372_ultrasound\US_version6\train\images\img_00273.jpg,98.68223993
C:\Users\Mike\Documents\imgAnalysis\ece2372_ultrasound\US_version6\train\images\img_00274.jpg,102.2741123
C:\Users\Mike\Documents\imgAnalysis\ece2372_ultrasound\US_version6\train\images\img_00275.jpg,108.6058689
C:\Users\Mike\Documents\imgAnalysis\ece2372_ultrasound\US_version6\train\images\img_00276.jpg,113.9905263
C:\Users\Mike\Documents\imgAnalysis\ece2372_ultrasound\US_version6\train\images\img_00277.jpg,117.0117328
C:\Users\Mike\Documents\imgAnalysis\ece2372_ultrasound\US_version6\train\images\img_00278.jpg,121.8967709
C:\Users\Mike\Documents\imgAnalysis\ece2372_ultrasound\US_version6\train\images\img_00279.jpg,128.2250898
C:\Users\Mike\Documents\imgAnalysis\ece2372_ultrasound\US_version6\train\images\img_00280.jpg,135.9519986
C:\Users\Mike\Documents\imgAnalysis\ece2372_ultrasound\US_version6\train\images\img_00281.jpg,141.5658391
C:\Users\Mike\Documents\imgAnalysis\ece2372_ultrasound\US_version6\train\images\img_00282.jpg,144.4231796
C:\Users\Mike\Documents\imgAnalysis\ece2372_ultrasound\US_version6\train\images\img_00283.jpg,147.6260137
C:\Users\Mike\Documents\imgAnalysis\ece2372_ultrasound\US_version6\train\images\img_00284.jpg,152.6892417
C:\Users\Mike\Documents\imgAnalysis\ece2372_ultrasound\US_version6\train\images\img_00285.jpg,156.9778308
C:\Users\Mike\Documents\imgAnalysis\ece2372_ultrasound\US_version6\train\images\img_00286.jpg,160.8750897
C:\Users\Mike\Documents\imgAnalysis\ece2372_ultrasound\US_version6\train\images\img_00287.jpg,163.5519485
C:\Users\Mike\Documents\imgAnalysis\ece2372_ultrasound\US_version6\train\images\img_00288.jpg,165.8432068
C:\Users\Mike\Documents\imgAnalysis\ece2372_ultrasound\US_version6\train\images\img_00290.jpg,172.9868445
C:\Users\Mike\Documents\imgAnalysis\ece2372_ultrasound\US_version6\train\images\img_00291.jpg,175.3812352
C:\Users\Mike\Documents\imgAnalysis\ece2372_ultrasound\US_version6\train\images\img_00292.jpg,176.5523609
C:\Users\Mike\Documents\imgAnalysis\ece2372_ultrasound\US_version6\train\images\img_00293.jpg,178.3531673
C:\Users\Mike\Documents\imgAnalysis\ece2372_ultrasound\US_version6\train\images\img_00294.jpg,178.7983555
C:\Users\Mike\Documents\imgAnalysis\ece2372_ultrasound\US_version6\train\images\img_00295.jpg,179.3730321
C:\Users\Mike\Documents\imgAnalysis\ece2372_ultrasound\US_version6\train\images\img_00296.jpg,179.1621837
C:\Users\Mike\Documents\imgAnalysis\ece2372_ultrasound\US_version6\train\images\img_00297.jpg,179.3380817
C:\Users\Mike\Documents\imgAnalysis\ece2372_ultrasound\US_version6\train\images\img_00298.jpg,179.0911369
C:\Users\Mike\Documents\imgAnalysis\ece2372_ultrasound\US_version6\train\images\img_00299.jpg,179.1673403
C:\Users\Mike\Documents\imgAnalysis\ece2372_ultrasound\US_version6\train\images\img_00300.jpg,178.859089
C:\Users\Mike\Documents\imgAnalysis\ece2372_ultrasound\US_version6\train\images\img_00301.jpg,177.4965954
C:\Users\Mike\Documents\imgAnalysis\ece2372_ultrasound\US_version6\train\images\img_00302.jpg,176.5116809
C:\Users\Mike\Documents\imgAnalysis\ece2372_ultrasound\US_version6\train\images\img_00303.jpg,174.0846317
C:\Users\Mike\Documents\imgAnalysis\ece2372_ultrasound\US_version6\train\images\img_00304.jpg,170.9001323
C:\Users\Mike\Documents\imgAnalysis\ece2372_ultrasound\US_version6\train\images\img_00305.jpg,166.8636446
C:\Users\Mike\Documents\imgAnalysis\ece2372_ultrasound\US_version6\train\images\img_00306.jpg,161.6508746
C:\Users\Mike\Documents\imgAnalysis\ece2372_ultrasound\US_version6\train\images\img_00307.jpg,154.096426
C:\Users\Mike\Documents\imgAnalysis\ece2372_ultrasound\US_version6\train\images\img_00308.jpg,148.1462593
C:\Users\Mike\Documents\imgAnalysis\ece2372_ultrasound\US_version6\train\images\img_00309.jpg,142.6624803
C:\Users\Mike\Documents\imgAnalysis\ece2372_ultrasound\US_version6\train\images\img_00310.jpg,135.8488662
C:\Users\Mike\Documents\imgAnalysis\ece2372_ultrasound\US_version6\train\images\img_00311.jpg,130.8624145
C:\Users\Mike\Documents\imgAnalysis\ece2372_ultrasound\US_version6\train\images\img_00312.jpg,126.0828006
C:\Users\Mike\Documents\imgAnalysis\ece2372_ultrasound\US_version6\train\images\img_00313.jpg,120.9960813
C:\Users\Mike\Documents\imgAnalysis\ece2372_ultrasound\US_version6\train\images\img_00314.jpg,118.8045177
C:\Users\Mike\Documents\imgAnalysis\ece2372_ultrasound\US_version6\train\images\img_00315.jpg,115.189727
C:\Users\Mike\Documents\imgAnalysis\ece2372_ultrasound\US_version6\train\images\img_00316.jpg,113.6897235
C:\Users\Mike\Documents\imgAnalysis\ece2372_ultrasound\US_version6\train\images\img_00317.jpg,113.2256276
C:\Users\Mike\Documents\imgAnalysis\ece2372_ultrasound\US_version6\train\images\img_00318.jpg,111.7869306
C:\Users\Mike\Documents\imgAnalysis\ece2372_ultrasound\US_version6\train\images\img_00319.jpg,109.5237473
C:\Users\Mike\Documents\imgAnalysis\ece2372_ultrasound\US_version6\train\images\img_00320.jpg,107.7258058
C:\Users\Mike\Documents\imgAnalysis\ece2372_ultrasound\US_version6\train\images\img_00321.jpg,104.6833999
C:\Users\Mike\Documents\imgAnalysis\ece2372_ultrasound\US_version6\train\images\img_00322.jpg,104.8369526
C:\Users\Mike\Documents\imgAnalysis\ece2372_ultrasound\US_version6\train\images\img_00323.jpg,104.4284337
C:\Users\Mike\Documents\imgAnalysis\ece2372_ultrasound\US_version6\train\images\img_00324.jpg,103.8869885
C:\Users\Mike\Documents\imgAnalysis\ece2372_ultrasound\US_version6\train\images\img_00325.jpg,103.1249547
C:\Users\Mike\Documents\imgAnalysis\ece2372_ultrasound\US_version6\train\images\img_00326.jpg,104.5934455
C:\Users\Mike\Documents\imgAnalysis\ece2372_ultrasound\US_version6\train\images\img_00327.jpg,109.0596515
C:\Users\Mike\Documents\imgAnalysis\ece2372_ultrasound\US_version6\train\images\img_00328.jpg,112.0138219
C:\Users\Mike\Documents\imgAnalysis\ece2372_ultrasound\US_version6\train\images\img_00329.jpg,119.8438631
C:\Users\Mike\Documents\imgAnalysis\ece2372_ultrasound\US_version6\train\images\img_00330.jpg,127.2842931
C:\Users\Mike\Documents\imgAnalysis\ece2372_ultrasound\US_version6\train\images\img_00331.jpg,132.1607369
C:\Users\Mike\Documents\imgAnalysis\ece2372_ultrasound\US_version6\train\images\img_00332.jpg,137.6926444
C:\Users\Mike\Documents\imgAnalysis\ece2372_ultrasound\US_version6\train\images\img_00333.jpg,142.1382239
C:\Users\Mike\Documents\imgAnalysis\ece2372_ultrasound\US_version6\train\images\img_00334.jpg,145.6968648
C:\Users\Mike\Documents\imgAnalysis\ece2372_ultrasound\US_version6\train\images\img_00335.jpg,149.8307553
C:\Users\Mike\Documents\imgAnalysis\ece2372_ultrasound\US_version6\train\images\img_00336.jpg,153.9056311
C:\Users\Mike\Documents\imgAnalysis\ece2372_ultrasound\US_version6\train\images\img_00337.jpg,157.9381081
C:\Users\Mike\Documents\imgAnalysis\ece2372_ultrasound\US_version6\train\images\img_00338.jpg,161.9631366
C:\Users\Mike\Documents\imgAnalysis\ece2372_ultrasound\US_version6\train\images\img_00339.jpg,165.3705166
C:\Users\Mike\Documents\imgAnalysis\ece2372_ultrasound\US_version6\train\images\img_00340.jpg,168.9600972
C:\Users\Mike\Documents\imgAnalysis\ece2372_ultrasound\US_version6\train\images\img_00341.jpg,171.5762225
C:\Users\Mike\Documents\imgAnalysis\ece2372_ultrasound\US_version6\train\images\img_00342.jpg,173.3644237
C:\Users\Mike\Documents\imgAnalysis\ece2372_ultrasound\US_version6\train\images\img_00343.jpg,175.5691653
C:\Users\Mike\Documents\imgAnalysis\ece2372_ultrasound\US_version6\train\images\img_00344.jpg,176.5414747
C:\Users\Mike\Documents\imgAnalysis\ece2372_ultrasound\US_version6\train\images\img_00345.jpg,179.0292575
C:\Users\Mike\Documents\imgAnalysis\ece2372_ultrasound\US_version6\train\images\img_00346.jpg,179.8520248
C:\Users\Mike\Documents\imgAnalysis\ece2372_ultrasound\US_version6\train\images\img_00347.jpg,179.7718108
C:\Users\Mike\Documents\imgAnalysis\ece2372_ultrasound\US_version6\train\images\img_00348.jpg,179.9402603
C:\Users\Mike\Documents\imgAnalysis\ece2372_ultrasound\US_version6\train\images\img_00349.jpg,178.940449
C:\Users\Mike\Documents\imgAnalysis\ece2372_ultrasound\US_version6\train\images\img_00350.jpg,179.755195
C:\Users\Mike\Documents\imgAnalysis\ece2372_ultrasound\US_version6\train\images\img_00351.jpg,179.5569516
C:\Users\Mike\Documents\imgAnalysis\ece2372_ultrasound\US_version6\train\images\img_00352.jpg,179.8812457
C:\Users\Mike\Documents\imgAnalysis\ece2372_ultrasound\US_version6\train\images\img_00353.jpg,178.4196304
C:\Users\Mike\Documents\imgAnalysis\ece2372_ultrasound\US_version6\train\images\img_00354.jpg,176.4509474
C:\Users\Mike\Documents\imgAnalysis\ece2372_ultrasound\US_version6\train\images\img_00355.jpg,174.7790565
C:\Users\Mike\Documents\imgAnalysis\ece2372_ultrasound\US_version6\train\images\img_00356.jpg,171.717743
C:\Users\Mike\Documents\imgAnalysis\ece2372_ultrasound\US_version6\train\images\img_00357.jpg,167.4984818
C:\Users\Mike\Documents\imgAnalysis\ece2372_ultrasound\US_version6\train\images\img_00358.jpg,163.8825452
C:\Users\Mike\Documents\imgAnalysis\ece2372_ultrasound\US_version6\train\images\img_00359.jpg,160.504959
C:\Users\Mike\Documents\imgAnalysis\ece2372_ultrasound\US_version6\train\images\img_00360.jpg,157.2488398
C:\Users\Mike\Documents\imgAnalysis\ece2372_ultrasound\US_version6\train\images\img_00361.jpg,154.2201849
C:\Users\Mike\Documents\imgAnalysis\ece2372_ultrasound\US_version6\train\images\img_00362.jpg,150.336104
C:\Users\Mike\Documents\imgAnalysis\ece2372_ultrasound\US_version6\train\images\img_00363.jpg,147.4277703
C:\Users\Mike\Documents\imgAnalysis\ece2372_ultrasound\US_version6\train\images\img_00364.jpg,143.2509079
C:\Users\Mike\Documents\imgAnalysis\ece2372_ultrasound\US_version6\train\images\img_00365.jpg,139.4281335
C:\Users\Mike\Documents\imgAnalysis\ece2372_ultrasound\US_version6\train\images\img_00366.jpg,134.629039
C:\Users\Mike\Documents\imgAnalysis\ece2372_ultrasound\US_version6\train\images\img_00367.jpg,131.1122241
C:\Users\Mike\Documents\imgAnalysis\ece2372_ultrasound\US_version6\train\images\img_00368.jpg,128.4983906
C:\Users\Mike\Documents\imgAnalysis\ece2372_ultrasound\US_version6\train\images\img_00369.jpg,125.7304315
C:\Users\Mike\Documents\imgAnalysis\ece2372_ultrasound\US_version6\train\images\img_00370.jpg,122.9258031
C:\Users\Mike\Documents\imgAnalysis\ece2372_ultrasound\US_version6\train\images\img_00371.jpg,121.3725145
C:\Users\Mike\Documents\imgAnalysis\ece2372_ultrasound\US_version6\train\images\img_00372.jpg,119.2989803
C:\Users\Mike\Documents\imgAnalysis\ece2372_ultrasound\US_version6\train\images\img_00373.jpg,117.7158979
C:\Users\Mike\Documents\imgAnalysis\ece2372_ultrasound\US_version6\train\images\img_00374.jpg,116.4909141
C:\Users\Mike\Documents\imgAnalysis\ece2372_ultrasound\US_version6\train\images\img_00375.jpg,114.2191365
C:\Users\Mike\Documents\imgAnalysis\ece2372_ultrasound\US_version6\train\images\img_00376.jpg,111.3480449
C:\Users\Mike\Documents\imgAnalysis\ece2372_ultrasound\US_version6\train\images\img_00377.jpg,109.4234797
C:\Users\Mike\Documents\imgAnalysis\ece2372_ultrasound\US_version6\train\images\img_00378.jpg,108.0833314
C:\Users\Mike\Documents\imgAnalysis\ece2372_ultrasound\US_version6\train\images\img_00379.jpg,107.8816503
C:\Users\Mike\Documents\imgAnalysis\ece2372_ultrasound\US_version6\train\images\img_00380.jpg,107.4272948
C:\Users\Mike\Documents\imgAnalysis\ece2372_ultrasound\US_version6\train\images\img_00381.jpg,107.2399376
C:\Users\Mike\Documents\imgAnalysis\ece2372_ultrasound\US_version6\train\images\img_00382.jpg,107.3224435
C:\Users\Mike\Documents\imgAnalysis\ece2372_ultrasound\US_version6\train\images\img_00383.jpg,107.6221004
C:\Users\Mike\Documents\imgAnalysis\ece2372_ultrasound\US_version6\train\images\img_00384.jpg,109.9064831
C:\Users\Mike\Documents\imgAnalysis\ece2372_ultrasound\US_version6\train\images\img_00385.jpg,112.7770017
C:\Users\Mike\Documents\imgAnalysis\ece2372_ultrasound\US_version6\train\images\img_00386.jpg,117.1543992
C:\Users\Mike\Documents\imgAnalysis\ece2372_ultrasound\US_version6\train\images\img_00387.jpg,120.1240395
C:\Users\Mike\Documents\imgAnalysis\ece2372_ultrasound\US_version6\train\images\img_00388.jpg,124.7879159
C:\Users\Mike\Documents\imgAnalysis\ece2372_ultrasound\US_version6\train\images\img_00389.jpg,125.3476957
C:\Users\Mike\Documents\imgAnalysis\ece2372_ultrasound\US_version6\train\images\img_00390.jpg,128.045754
C:\Users\Mike\Documents\imgAnalysis\ece2372_ultrasound\US_version6\train\images\img_00391.jpg,132.1234946
C:\Users\Mike\Documents\imgAnalysis\ece2372_ultrasound\US_version6\train\images\img_00393.jpg,139.1170174
C:\Users\Mike\Documents\imgAnalysis\ece2372_ultrasound\US_version6\train\images\img_00394.jpg,141.5486503
C:\Users\Mike\Documents\imgAnalysis\ece2372_ultrasound\US_version6\train\images\img_00395.jpg,146.1718468
C:\Users\Mike\Documents\imgAnalysis\ece2372_ultrasound\US_version6\train\images\img_00396.jpg,149.5402657
C:\Users\Mike\Documents\imgAnalysis\ece2372_ultrasound\US_version6\train\images\img_00397.jpg,152.6416862
C:\Users\Mike\Documents\imgAnalysis\ece2372_ultrasound\US_version6\train\images\img_00398.jpg,156.2908544
C:\Users\Mike\Documents\imgAnalysis\ece2372_ultrasound\US_version6\train\images\img_00399.jpg,160.5496497
C:\Users\Mike\Documents\imgAnalysis\ece2372_ultrasound\US_version6\train\images\img_00400.jpg,163.2511457
C:\Users\Mike\Documents\imgAnalysis\ece2372_ultrasound\US_version6\train\images\img_00401.jpg,166.0288451
C:\Users\Mike\Documents\imgAnalysis\ece2372_ultrasound\US_version6\train\images\img_00402.jpg,170.7500173
C:\Users\Mike\Documents\imgAnalysis\ece2372_ultrasound\US_version6\train\images\img_00403.jpg,173.8325303
C:\Users\Mike\Documents\imgAnalysis\ece2372_ultrasound\US_version6\train\images\img_00404.jpg,176.2647361
C:\Users\Mike\Documents\imgAnalysis\ece2372_ultrasound\US_version6\train\images\img_00405.jpg,176.5981975
C:\Users\Mike\Documents\imgAnalysis\ece2372_ultrasound\US_version6\train\images\img_00406.jpg,177.175166
C:\Users\Mike\Documents\imgAnalysis\ece2372_ultrasound\US_version6\train\images\img_00407.jpg,176.8823846
C:\Users\Mike\Documents\imgAnalysis\ece2372_ultrasound\US_version6\train\images\img_00408.jpg,176.2435367
C:\Users\Mike\Documents\imgAnalysis\ece2372_ultrasound\US_version6\train\images\img_00409.jpg,177.2147001
C:\Users\Mike\Documents\imgAnalysis\ece2372_ultrasound\US_version6\train\images\img_00410.jpg,177.0995356
C:\Users\Mike\Documents\imgAnalysis\ece2372_ultrasound\US_version6\train\images\img_00411.jpg,177.4255486
C:\Users\Mike\Documents\imgAnalysis\ece2372_ultrasound\US_version6\train\images\img_00412.jpg,177.3997655
C:\Users\Mike\Documents\imgAnalysis\ece2372_ultrasound\US_version6\train\images\img_00413.jpg,176.5930409
C:\Users\Mike\Documents\imgAnalysis\ece2372_ultrasound\US_version6\train\images\img_00414.jpg,177.2960601
C:\Users\Mike\Documents\imgAnalysis\ece2372_ultrasound\US_version6\train\images\img_00415.jpg,175.2689354
C:\Users\Mike\Documents\imgAnalysis\ece2372_ultrasound\US_version6\train\images\img_00416.jpg,172.7542237
C:\Users\Mike\Documents\imgAnalysis\ece2372_ultrasound\US_version6\train\images\img_00417.jpg,170.5712545
C:\Users\Mike\Documents\imgAnalysis\ece2372_ultrasound\US_version6\train\images\img_00418.jpg,166.0311369
C:\Users\Mike\Documents\imgAnalysis\ece2372_ultrasound\US_version6\train\images\img_00419.jpg,162.3831146
C:\Users\Mike\Documents\imgAnalysis\ece2372_ultrasound\US_version6\train\images\img_00420.jpg,158.6978501
C:\Users\Mike\Documents\imgAnalysis\ece2372_ultrasound\US_version6\train\images\img_00421.jpg,153.9600621
C:\Users\Mike\Documents\imgAnalysis\ece2372_ultrasound\US_version6\train\images\img_00422.jpg,150.133277
C:\Users\Mike\Documents\imgAnalysis\ece2372_ultrasound\US_version6\train\images\img_00423.jpg,146.0377747
C:\Users\Mike\Documents\imgAnalysis\ece2372_ultrasound\US_version6\train\images\img_00424.jpg,142.0368104
C:\Users\Mike\Documents\imgAnalysis\ece2372_ultrasound\US_version6\train\images\img_00425.jpg,137.5946686
C:\Users\Mike\Documents\imgAnalysis\ece2372_ultrasound\US_version6\train\images\img_00426.jpg,133.6664699
C:\Users\Mike\Documents\imgAnalysis\ece2372_ultrasound\US_version6\train\images\img_00427.jpg,129.9605789
C:\Users\Mike\Documents\imgAnalysis\ece2372_ultrasound\US_version6\train\images\img_00428.jpg,127.0104192
C:\Users\Mike\Documents\imgAnalysis\ece2372_ultrasound\US_version6\train\images\img_00429.jpg,124.2751187
C:\Users\Mike\Documents\imgAnalysis\ece2372_ultrasound\US_version6\train\images\img_00430.jpg,120.9107105
C:\Users\Mike\Documents\imgAnalysis\ece2372_ultrasound\US_version6\train\images\img_00431.jpg,117.3933226
C:\Users\Mike\Documents\imgAnalysis\ece2372_ultrasound\US_version6\train\images\img_00432.jpg,115.3742194
C:\Users\Mike\Documents\imgAnalysis\ece2372_ultrasound\US_version6\train\images\img_00433.jpg,112.2309729
C:\Users\Mike\Documents\imgAnalysis\ece2372_ultrasound\US_version6\train\images\img_00434.jpg,108.9737078
C:\Users\Mike\Documents\imgAnalysis\ece2372_ultrasound\US_version6\train\images\img_00435.jpg,106.8085003
C:\Users\Mike\Documents\imgAnalysis\ece2372_ultrasound\US_version6\train\images\img_00436.jpg,102.5731963
C:\Users\Mike\Documents\imgAnalysis\ece2372_ultrasound\US_version6\train\images\img_00437.jpg,100.0728085
C:\Users\Mike\Documents\imgAnalysis\ece2372_ultrasound\US_version6\train\images\img_00438.jpg,97.98265846
C:\Users\Mike\Documents\imgAnalysis\ece2372_ultrasound\US_version6\train\images\img_00439.jpg,97.58330688
C:\Users\Mike\Documents\imgAnalysis\ece2372_ultrasound\US_version6\train\images\img_00440.jpg,97.3793339
C:\Users\Mike\Documents\imgAnalysis\ece2372_ultrasound\US_version6\train\images\img_00441.jpg,97.75462126
C:\Users\Mike\Documents\imgAnalysis\ece2372_ultrasound\US_version6\train\images\img_00442.jpg,97.540908
C:\Users\Mike\Documents\imgAnalysis\ece2372_ultrasound\US_version6\train\images\img_00443.jpg,98.0663103
C:\Users\Mike\Documents\imgAnalysis\ece2372_ultrasound\US_version6\train\images\img_00444.jpg,98.39862582
C:\Users\Mike\Documents\imgAnalysis\ece2372_ultrasound\US_version6\train\images\img_00445.jpg,100.9328181
C:\Users\Mike\Documents\imgAnalysis\ece2372_ultrasound\US_version6\train\images\img_00446.jpg,103.3300736
C:\Users\Mike\Documents\imgAnalysis\ece2372_ultrasound\US_version6\train\images\img_00447.jpg,106.4647257
C:\Users\Mike\Documents\imgAnalysis\ece2372_ultrasound\US_version6\train\images\img_00448.jpg,111.2598094
C:\Users\Mike\Documents\imgAnalysis\ece2372_ultrasound\US_version6\train\images\img_00449.jpg,115.2178019
C:\Users\Mike\Documents\imgAnalysis\ece2372_ultrasound\US_version6\train\images\img_00450.jpg,119.9464226
C:\Users\Mike\Documents\imgAnalysis\ece2372_ultrasound\US_version6\train\images\img_00451.jpg,124.3570517
C:\Users\Mike\Documents\imgAnalysis\ece2372_ultrasound\US_version6\train\images\img_00453.jpg,130.9712765
C:\Users\Mike\Documents\imgAnalysis\ece2372_ultrasound\US_version6\train\images\img_00454.jpg,134.0136824
C:\Users\Mike\Documents\imgAnalysis\ece2372_ultrasound\US_version6\train\images\img_00455.jpg,136.1811817
C:\Users\Mike\Documents\imgAnalysis\ece2372_ultrasound\US_version6\train\images\img_00456.jpg,137.6353486
C:\Users\Mike\Documents\imgAnalysis\ece2372_ultrasound\US_version6\train\images\img_00457.jpg,139.1840535
C:\Users\Mike\Documents\imgAnalysis\ece2372_ultrasound\US_version6\train\images\img_00458.jpg,139.4407386
C:\Users\Mike\Documents\imgAnalysis\ece2372_ultrasound\US_version6\train\images\img_00459.jpg,142.6733665
C:\Users\Mike\Documents\imgAnalysis\ece2372_ultrasound\US_version6\train\images\img_00460.jpg,148.4344571
C:\Users\Mike\Documents\imgAnalysis\ece2372_ultrasound\US_version6\train\images\img_00461.jpg,153.8133849
C:\Users\Mike\Documents\imgAnalysis\ece2372_ultrasound\US_version6\train\images\img_00462.jpg,157.5914686
C:\Users\Mike\Documents\imgAnalysis\ece2372_ultrasound\US_version6\train\images\img_00463.jpg,161.2962137
C:\Users\Mike\Documents\imgAnalysis\ece2372_ultrasound\US_version6\train\images\img_00464.jpg,164.4904534
C:\Users\Mike\Documents\imgAnalysis\ece2372_ultrasound\US_version6\train\images\img_00465.jpg,167.3025303
C:\Users\Mike\Documents\imgAnalysis\ece2372_ultrasound\US_version6\train\images\img_00466.jpg,170.3294663
C:\Users\Mike\Documents\imgAnalysis\ece2372_ultrasound\US_version6\train\images\img_00467.jpg,173.4950581
C:\Users\Mike\Documents\imgAnalysis\ece2372_ultrasound\US_version6\train\images\img_00468.jpg,175.763398
C:\Users\Mike\Documents\imgAnalysis\ece2372_ultrasound\US_version6\train\images\img_00469.jpg,177.3682528
C:\Users\Mike\Documents\imgAnalysis\ece2372_ultrasound\US_version6\train\images\img_00470.jpg,177.7956793
C:\Users\Mike\Documents\imgAnalysis\ece2372_ultrasound\US_version6\train\images\img_00471.jpg,178.3709289
C:\Users\Mike\Documents\imgAnalysis\ece2372_ultrasound\US_version6\train\images\img_00472.jpg,179.2343763
C:\Users\Mike\Documents\imgAnalysis\ece2372_ultrasound\US_version6\train\images\img_00473.jpg,179.9889618
C:\Users\Mike\Documents\imgAnalysis\ece2372_ultrasound\US_version6\train\images\img_00474.jpg,179.9838051
C:\Users\Mike\Documents\imgAnalysis\ece2372_ultrasound\US_version6\train\images\img_00475.jpg,179.7700919
C:\Users\Mike\Documents\imgAnalysis\ece2372_ultrasound\US_version6\train\images\img_00476.jpg,179.7122231
C:\Users\Mike\Documents\imgAnalysis\ece2372_ultrasound\US_version6\train\images\img_00477.jpg,179.7362874
C:\Users\Mike\Documents\imgAnalysis\ece2372_ultrasound\US_version6\train\images\img_00478.jpg,179.4899155
C:\Users\Mike\Documents\imgAnalysis\ece2372_ultrasound\US_version6\train\images\img_00479.jpg,179.4521003
C:\Users\Mike\Documents\imgAnalysis\ece2372_ultrasound\US_version6\train\images\img_00480.jpg,179.998702
C:\Users\Mike\Documents\imgAnalysis\ece2372_ultrasound\US_version6\train\images\img_00481.jpg,179.3930857
C:\Users\Mike\Documents\imgAnalysis\ece2372_ultrasound\US_version6\train\images\img_00482.jpg,178.8333059
C:\Users\Mike\Documents\imgAnalysis\ece2372_ultrasound\US_version6\train\images\img_00483.jpg,174.3040745
C:\Users\Mike\Documents\imgAnalysis\ece2372_ultrasound\US_version6\train\images\img_00484.jpg,170.0722082
C:\Users\Mike\Documents\imgAnalysis\ece2372_ultrasound\US_version6\train\images\img_00485.jpg,165.0966428
C:\Users\Mike\Documents\imgAnalysis\ece2372_ultrasound\US_version6\train\images\img_00486.jpg,161.8325022
C:\Users\Mike\Documents\imgAnalysis\ece2372_ultrasound\US_version6\train\images\img_00487.jpg,155.9144211
C:\Users\Mike\Documents\imgAnalysis\ece2372_ultrasound\US_version6\train\images\img_00488.jpg,150.7560821
C:\Users\Mike\Documents\imgAnalysis\ece2372_ultrasound\US_version6\train\images\img_00489.jpg,145.6756653
C:\Users\Mike\Documents\imgAnalysis\ece2372_ultrasound\US_version6\train\images\img_00490.jpg,140.480657
C:\Users\Mike\Documents\imgAnalysis\ece2372_ultrasound\US_version6\train\images\img_00491.jpg,135.3675816
C:\Users\Mike\Documents\imgAnalysis\ece2372_ultrasound\US_version6\train\images\img_00492.jpg,131.4433937
C:\Users\Mike\Documents\imgAnalysis\ece2372_ultrasound\US_version6\train\images\img_00493.jpg,127.2476238
C:\Users\Mike\Documents\imgAnalysis\ece2372_ultrasound\US_version6\train\images\img_00494.jpg,123.8660269
C:\Users\Mike\Documents\imgAnalysis\ece2372_ultrasound\US_version6\train\images\img_00495.jpg,119.7877133
C:\Users\Mike\Documents\imgAnalysis\ece2372_ultrasound\US_version6\train\images\img_00496.jpg,117.5142167
C:\Users\Mike\Documents\imgAnalysis\ece2372_ultrasound\US_version6\train\images\img_00497.jpg,115.0556548
C:\Users\Mike\Documents\imgAnalysis\ece2372_ultrasound\US_version6\train\images\img_00498.jpg,112.7741369
C:\Users\Mike\Documents\imgAnalysis\ece2372_ultrasound\US_version6\train\images\img_00499.jpg,109.948882
C:\Users\Mike\Documents\imgAnalysis\ece2372_ultrasound\US_version6\train\images\img_00500.jpg,107.4656829
C:\Users\Mike\Documents\imgAnalysis\ece2372_ultrasound\US_version6\train\images\img_00501.jpg,102.3640667
C:\Users\Mike\Documents\imgAnalysis\ece2372_ultrasound\US_version6\train\images\img_00502.jpg,100.9517258
C:\Users\Mike\Documents\imgAnalysis\ece2372_ultrasound\US_version6\train\images\img_00503.jpg,97.79816605
C:\Users\Mike\Documents\imgAnalysis\ece2372_ultrasound\US_version6\train\images\img_00504.jpg,95.79453264
C:\Users\Mike\Documents\imgAnalysis\ece2372_ultrasound\US_version6\train\images\img_00505.jpg,93.3989961
C:\Users\Mike\Documents\imgAnalysis\ece2372_ultrasound\US_version6\train\images\img_00506.jpg,91.73741849
C:\Users\Mike\Documents\imgAnalysis\ece2372_ultrasound\US_version6\train\images\img_00507.jpg,90.87110631
C:\Users\Mike\Documents\imgAnalysis\ece2372_ultrasound\US_version6\train\images\img_00508.jpg,90.32851528
C:\Users\Mike\Documents\imgAnalysis\ece2372_ultrasound\US_version6\train\images\img_00509.jpg,91.12721844
C:\Users\Mike\Documents\imgAnalysis\ece2372_ultrasound\US_version6\train\images\img_00510.jpg,90.35716317
C:\Users\Mike\Documents\imgAnalysis\ece2372_ultrasound\US_version6\train\images\img_00511.jpg,92.22901628
C:\Users\Mike\Documents\imgAnalysis\ece2372_ultrasound\US_version6\train\images\img_00512.jpg,95.10125371
C:\Users\Mike\Documents\imgAnalysis\ece2372_ultrasound\US_version6\train\images\img_00513.jpg,100.0733815
C:\Users\Mike\Documents\imgAnalysis\ece2372_ultrasound\US_version6\train\images\img_00514.jpg,104.7733542
C:\Users\Mike\Documents\imgAnalysis\ece2372_ultrasound\US_version6\train\images\img_00515.jpg,109.8383012
C:\Users\Mike\Documents\imgAnalysis\ece2372_ultrasound\US_version6\train\images\img_00516.jpg,115.8721197
C:\Users\Mike\Documents\imgAnalysis\ece2372_ultrasound\US_version6\train\images\img_00517.jpg,117.2351863
C:\Users\Mike\Documents\imgAnalysis\ece2372_ultrasound\US_version6\train\images\img_00518.jpg,123.0736262
C:\Users\Mike\Documents\imgAnalysis\ece2372_ultrasound\US_version6\train\images\img_00519.jpg,128.5768858
C:\Users\Mike\Documents\imgAnalysis\ece2372_ultrasound\US_version6\train\images\img_00520.jpg,134.0400384
C:\Users\Mike\Documents\imgAnalysis\ece2372_ultrasound\US_version6\train\images\img_00521.jpg,139.4699594
C:\Users\Mike\Documents\imgAnalysis\ece2372_ultrasound\US_version6\train\images\img_00522.jpg,145.1600033
C:\Users\Mike\Documents\imgAnalysis\ece2372_ultrasound\US_version6\train\images\img_00523.jpg,148.0070306
C:\Users\Mike\Documents\imgAnalysis\ece2372_ultrasound\US_version6\train\images\img_00524.jpg,151.8807982
C:\Users\Mike\Documents\imgAnalysis\ece2372_ultrasound\US_version6\train\images\img_00525.jpg,155.1861918
C:\Users\Mike\Documents\imgAnalysis\ece2372_ultrasound\US_version6\train\images\img_00526.jpg,159.161373
C:\Users\Mike\Documents\imgAnalysis\ece2372_ultrasound\US_version6\train\images\img_00527.jpg,164.0034393
C:\Users\Mike\Documents\imgAnalysis\ece2372_ultrasound\US_version6\train\images\img_00528.jpg,166.5817494
C:\Users\Mike\Documents\imgAnalysis\ece2372_ultrasound\US_version6\train\images\img_00529.jpg,169.8258364
C:\Users\Mike\Documents\imgAnalysis\ece2372_ultrasound\US_version6\train\images\img_00530.jpg,173.0103358
C:\Users\Mike\Documents\imgAnalysis\ece2372_ultrasound\US_version6\train\images\img_00531.jpg,176.1873868
C:\Users\Mike\Documents\imgAnalysis\ece2372_ultrasound\US_version6\train\images\img_00532.jpg,178.5651616
C:\Users\Mike\Documents\imgAnalysis\ece2372_ultrasound\US_version6\train\images\img_00533.jpg,178.9725346
C:\Users\Mike\Documents\imgAnalysis\ece2372_ultrasound\US_version6\train\images\img_00534.jpg,179.6978992
C:\Users\Mike\Documents\imgAnalysis\ece2372_ultrasound\US_version6\train\images\img_00535.jpg,179.8038964
C:\Users\Mike\Documents\imgAnalysis\ece2372_ultrasound\US_version6\train\images\img_00536.jpg,179.7110772
C:\Users\Mike\Documents\imgAnalysis\ece2372_ultrasound\US_version6\train\images\img_00537.jpg,179.9494277
C:\Users\Mike\Documents\imgAnalysis\ece2372_ultrasound\US_version6\train\images\img_00538.jpg,179.3140175
C:\Users\Mike\Documents\imgAnalysis\ece2372_ultrasound\US_version6\train\images\img_00539.jpg,179.8749432
C:\Users\Mike\Documents\imgAnalysis\ece2372_ultrasound\US_version6\train\images\img_00540.jpg,179.9666164
C:\Users\Mike\Documents\imgAnalysis\ece2372_ultrasound\US_version6\train\images\img_00541.jpg,179.8783809
C:\Users\Mike\Documents\imgAnalysis\ece2372_ultrasound\US_version6\train\images\img_00542.jpg,179.5638271
C:\Users\Mike\Documents\imgAnalysis\ece2372_ultrasound\US_version6\train\images\img_00543.jpg,178.6872017
C:\Users\Mike\Documents\imgAnalysis\ece2372_ultrasound\US_version6\train\images\img_00544.jpg,174.9618301
C:\Users\Mike\Documents\imgAnalysis\ece2372_ultrasound\US_version6\train\images\img_00545.jpg,171.1293154
C:\Users\Mike\Documents\imgAnalysis\ece2372_ultrasound\US_version6\train\images\img_00546.jpg,165.8707087
C:\Users\Mike\Documents\imgAnalysis\ece2372_ultrasound\US_version6\train\images\img_00547.jpg,160.1692057
C:\Users\Mike\Documents\imgAnalysis\ece2372_ultrasound\US_version6\train\images\img_00548.jpg,154.8785134
C:\Users\Mike\Documents\imgAnalysis\ece2372_ultrasound\US_version6\train\images\img_00549.jpg,150.2438578
C:\Users\Mike\Documents\imgAnalysis\ece2372_ultrasound\US_version6\train\images\img_00550.jpg,144.5039666
C:\Users\Mike\Documents\imgAnalysis\ece2372_ultrasound\US_version6\train\images\img_00551.jpg,140.3763787
C:\Users\Mike\Documents\imgAnalysis\ece2372_ultrasound\US_version6\train\images\img_00552.jpg,136.2086837
C:\Users\Mike\Documents\imgAnalysis\ece2372_ultrasound\US_version6\train\images\img_00553.jpg,131.4674579
C:\Users\Mike\Documents\imgAnalysis\ece2372_ultrasound\US_version6\train\images\img_00554.jpg,128.4468244
C:\Users\Mike\Documents\imgAnalysis\ece2372_ultrasound\US_version6\train\images\img_00555.jpg,124.3152258
C:\Users\Mike\Documents\imgAnalysis\ece2372_ultrasound\US_version6\train\images\img_00556.jpg,121.203492
C:\Users\Mike\Documents\imgAnalysis\ece2372_ultrasound\US_version6\train\images\img_00557.jpg,118.5300709
C:\Users\Mike\Documents\imgAnalysis\ece2372_ultrasound\US_version6\train\images\img_00558.jpg,114.7640193
C:\Users\Mike\Documents\imgAnalysis\ece2372_ultrasound\US_version6\train\images\img_00559.jpg,112.8199735
C:\Users\Mike\Documents\imgAnalysis\ece2372_ultrasound\US_version6\train\images\img_00560.jpg,110.0382634
C:\Users\Mike\Documents\imgAnalysis\ece2372_ultrasound\US_version6\train\images\img_00561.jpg,107.7538807
C:\Users\Mike\Documents\imgAnalysis\ece2372_ultrasound\US_version6\train\images\img_00562.jpg,104.6387092
C:\Users\Mike\Documents\imgAnalysis\ece2372_ultrasound\US_version6\train\images\img_00563.jpg,101.1683038
C:\Users\Mike\Documents\imgAnalysis\ece2372_ultrasound\US_version6\train\images\img_00564.jpg,98.54301118
C:\Users\Mike\Documents\imgAnalysis\ece2372_ultrasound\US_version6\train\images\img_00565.jpg,96.87742287
C:\Users\Mike\Documents\imgAnalysis\ece2372_ultrasound\US_version6\train\images\img_00566.jpg,96.95649105
C:\Users\Mike\Documents\imgAnalysis\ece2372_ultrasound\US_version6\train\images\img_00567.jpg,96.03517492
C:\Users\Mike\Documents\imgAnalysis\ece2372_ultrasound\US_version6\train\images\img_00568.jpg,97.44235926
C:\Users\Mike\Documents\imgAnalysis\ece2372_ultrasound\US_version6\train\images\img_00569.jpg,98.24163538
C:\Users\Mike\Documents\imgAnalysis\ece2372_ultrasound\US_version6\train\images\img_00570.jpg,102.5313704
C:\Users\Mike\Documents\imgAnalysis\ece2372_ultrasound\US_version6\train\images\img_00571.jpg,106.0602175
C:\Users\Mike\Documents\imgAnalysis\ece2372_ultrasound\US_version6\train\images\img_00572.jpg,109.9179423
C:\Users\Mike\Documents\imgAnalysis\ece2372_ultrasound\US_version6\train\images\img_00573.jpg,113.6100823
C:\Users\Mike\Documents\imgAnalysis\ece2372_ultrasound\US_version6\train\images\img_00574.jpg,117.4637965
C:\Users\Mike\Documents\imgAnalysis\ece2372_ultrasound\US_version6\train\images\img_00575.jpg,118.9947397
C:\Users\Mike\Documents\imgAnalysis\ece2372_ultrasound\US_version6\train\images\img_00576.jpg,121.6091461
C:\Users\Mike\Documents\imgAnalysis\ece2372_ultrasound\US_version6\train\images\img_00577.jpg,124.5948292
C:\Users\Mike\Documents\imgAnalysis\ece2372_ultrasound\US_version6\train\images\img_00578.jpg,127.0195866
C:\Users\Mike\Documents\imgAnalysis\ece2372_ultrasound\US_version6\train\images\img_00579.jpg,129.6105017
C:\Users\Mike\Documents\imgAnalysis\ece2372_ultrasound\US_version6\train\images\img_00580.jpg,129.6506088
C:\Users\Mike\Documents\imgAnalysis\ece2372_ultrasound\US_version6\train\images\img_00581.jpg,131.8627988
C:\Users\Mike\Documents\imgAnalysis\ece2372_ultrasound\US_version6\train\images\img_00582.jpg,138.2982608
C:\Users\Mike\Documents\imgAnalysis\ece2372_ultrasound\US_version6\train\images\img_00583.jpg,142.7845203
C:\Users\Mike\Documents\imgAnalysis\ece2372_ultrasound\US_version6\train\images\img_00584.jpg,146.1815871
C:\Users\Mike\Documents\imgAnalysis\ece2372_ultrasound\US_version6\train\images\img_00585.jpg,148.9340763
C:\Users\Mike\Documents\imgAnalysis\ece2372_ultrasound\US_version6\train\images\img_00586.jpg,151.5570771
C:\Users\Mike\Documents\imgAnalysis\ece2372_ultrasound\US_version6\train\images\img_00587.jpg,153.8752643
C:\Users\Mike\Documents\imgAnalysis\ece2372_ultrasound\US_version6\train\images\img_00588.jpg,156.568166
C:\Users\Mike\Documents\imgAnalysis\ece2372_ultrasound\US_version6\train\images\img_00589.jpg,160.7175263
C:\Users\Mike\Documents\imgAnalysis\ece2372_ultrasound\US_version6\train\images\img_00590.jpg,164.4532111
C:\Users\Mike\Documents\imgAnalysis\ece2372_ultrasound\US_version6\train\images\img_00591.jpg,170.6554793
C:\Users\Mike\Documents\imgAnalysis\ece2372_ultrasound\US_version6\train\images\img_00592.jpg,174.2868858
C:\Users\Mike\Documents\imgAnalysis\ece2372_ultrasound\US_version6\train\images\img_00593.jpg,176.8760821
C:\Users\Mike\Documents\imgAnalysis\ece2372_ultrasound\US_version6\train\images\img_00594.jpg,178.695796
C:\Users\Mike\Documents\imgAnalysis\ece2372_ultrasound\US_version6\train\images\img_00595.jpg,179.8056153
C:\Users\Mike\Documents\imgAnalysis\ece2372_ultrasound\US_version6\train\images\img_00596.jpg,179.2968287
C:\Users\Mike\Documents\imgAnalysis\ece2372_ultrasound\US_version6\train\images\img_00597.jpg,179.2412518
C:\Users\Mike\Documents\imgAnalysis\ece2372_ultrasound\US_version6\train\images\img_00598.jpg,179.7156609
C:\Users\Mike\Documents\imgAnalysis\ece2372_ultrasound\US_version6\train\images\img_00599.jpg,179.0596242
C:\Users\Mike\Documents\imgAnalysis\ece2372_ultrasound\US_version6\train\images\img_00600.jpg,179.673262
C:\Users\Mike\Documents\imgAnalysis\ece2372_ultrasound\US_version6\train\images\img_00601.jpg,179.8623381
C:\Users\Mike\Documents\imgAnalysis\ece2372_ultrasound\US_version6\train\images\img_00602.jpg,179.9001533
C:\Users\Mike\Documents\imgAnalysis\ece2372_ultrasound\US_version6\train\images\img_00603.jpg,179.8686406
C:\Users\Mike\Documents\imgAnalysis\ece2372_ultrasound\US_version6\train\images\img_00604.jpg,179.496791
C:\Users\Mike\Documents\imgAnalysis\ece2372_ultrasound\US_version6\train\images\img_00605.jpg,177.0577097
C:\Users\Mike\Documents\imgAnalysis\ece2372_ultrasound\US_version6\train\images\img_00606.jpg,171.6747712
C:\Users\Mike\Documents\imgAnalysis\ece2372_ultrasound\US_version6\train\images\img_00607.jpg,166.3170429
C:\Users\Mike\Documents\imgAnalysis\ece2372_ultrasound\US_version6\train\images\img_00608.jpg,160.532461
C:\Users\Mike\Documents\imgAnalysis\ece2372_ultrasound\US_version6\train\images\img_00609.jpg,153.7686942
C:\Users\Mike\Documents\imgAnalysis\ece2372_ultrasound\US_version6\train\images\img_00610.jpg,147.5102762
C:\Users\Mike\Documents\imgAnalysis\ece2372_ultrasound\US_version6\train\images\img_00611.jpg,141.3567095
C:\Users\Mike\Documents\imgAnalysis\ece2372_ultrasound\US_version6\train\images\img_00612.jpg,135.8150617
C:\Users\Mike\Documents\imgAnalysis\ece2372_ultrasound\US_version6\train\images\img_00613.jpg,131.6129892
C:\Users\Mike\Documents\imgAnalysis\ece2372_ultrasound\US_version6\train\images\img_00614.jpg,127.6481213
C:\Users\Mike\Documents\imgAnalysis\ece2372_ultrasound\US_version6\train\images\img_00615.jpg,124.2504815
C:\Users\Mike\Documents\imgAnalysis\ece2372_ultrasound\US_version6\train\images\img_00616.jpg,121.3845466
C:\Users\Mike\Documents\imgAnalysis\ece2372_ultrasound\US_version6\train\images\img_00617.jpg,120.1057048
C:\Users\Mike\Documents\imgAnalysis\ece2372_ultrasound\US_version6\train\images\img_00618.jpg,118.0888934
C:\Users\Mike\Documents\imgAnalysis\ece2372_ultrasound\US_version6\train\images\img_00619.jpg,115.2934323
C:\Users\Mike\Documents\imgAnalysis\ece2372_ultrasound\US_version6\train\images\img_00620.jpg,111.8511019
C:\Users\Mike\Documents\imgAnalysis\ece2372_ultrasound\US_version6\train\images\img_00621.jpg,108.0420785
C:\Users\Mike\Documents\imgAnalysis\ece2372_ultrasound\US_version6\train\images\img_00622.jpg,104.4908861
C:\Users\Mike\Documents\imgAnalysis\ece2372_ultrasound\US_version6\train\images\img_00623.jpg,101.3676931
C:\Users\Mike\Documents\imgAnalysis\ece2372_ultrasound\US_version6\train\images\img_00624.jpg,98.40664723
C:\Users\Mike\Documents\imgAnalysis\ece2372_ultrasound\US_version6\train\images\img_00625.jpg,96.30904874
C:\Users\Mike\Documents\imgAnalysis\ece2372_ultrasound\US_version6\train\images\img_00626.jpg,92.6713397
C:\Users\Mike\Documents\imgAnalysis\ece2372_ultrasound\US_version6\train\images\img_00627.jpg,91.35754748
C:\Users\Mike\Documents\imgAnalysis\ece2372_ultrasound\US_version6\train\images\img_00628.jpg,90.5874922
C:\Users\Mike\Documents\imgAnalysis\ece2372_ultrasound\US_version6\train\images\img_00629.jpg,90.56457389
C:\Users\Mike\Documents\imgAnalysis\ece2372_ultrasound\US_version6\train\images\img_00630.jpg,90.72672094
C:\Users\Mike\Documents\imgAnalysis\ece2372_ultrasound\US_version6\train\images\img_00631.jpg,92.19291994
C:\Users\Mike\Documents\imgAnalysis\ece2372_ultrasound\US_version6\train\images\img_00632.jpg,96.73475638
C:\Users\Mike\Documents\imgAnalysis\ece2372_ultrasound\US_version6\train\images\img_00633.jpg,103.7746888
C:\Users\Mike\Documents\imgAnalysis\ece2372_ultrasound\US_version6\train\images\img_00634.jpg,106.8056355
C:\Users\Mike\Documents\imgAnalysis\ece2372_ultrasound\US_version6\train\images\img_00635.jpg,113.1958338
C:\Users\Mike\Documents\imgAnalysis\ece2372_ultrasound\US_version6\train\images\img_00636.jpg,119.2794997
